[
  {
    "id": "e03f4d93-d0b6-4840-96be-c9d811e0db30",
    "data": [
      {
        "text": "Begin",
        "userDefined": false
      }
    ],
    "isTemplate": false,
    "count": 0,
    "updated": 0
  },
  {
    "id": "5360760f-4bd2-4e89-bbbd-80eba5429e54",
    "data": [
      {
        "text": "Start",
        "userDefined": false
      }
    ],
    "isTemplate": false,
    "count": 0,
    "updated": 0
  },
  {
    "id": "d47e7f00-09ab-4bfa-bc8a-24598ae6bdcc",
    "data": [
      {
        "text": "Restart",
        "userDefined": false
      }
    ],
    "isTemplate": false,
    "count": 0,
    "updated": 0
  }
]