[
  {
    "id": "7c17c805-f953-4d94-ba71-a0e1b668c54b",
    "data": [
      {
        "text": "Subhash Nagar",
        "alias": "destination",
        "meta": "@station",
        "userDefined": false
      }
    ],
    "isTemplate": false,
    "count": 0,
    "updated": 0
  },
  {
    "id": "534d5b03-7a6c-4791-85fd-8923cc078bce",
    "data": [
      {
        "text": "palam",
        "alias": "destination",
        "meta": "@station",
        "userDefined": false
      }
    ],
    "isTemplate": false,
    "count": 0,
    "updated": 0
  },
  {
    "id": "d0ce28d3-e714-4d0c-b0b8-17dea7e4b2dc",
    "data": [
      {
        "text": "I want to go to ",
        "userDefined": false
      },
      {
        "text": "Dwarka",
        "alias": "destination",
        "meta": "@station",
        "userDefined": false
      }
    ],
    "isTemplate": false,
    "count": 0,
    "updated": 0
  },
  {
    "id": "a02eecfb-0e30-4e92-a72e-2b60770d4216",
    "data": [
      {
        "text": "Adarsh Nagar",
        "alias": "destination",
        "meta": "@station",
        "userDefined": false
      }
    ],
    "isTemplate": false,
    "count": 0,
    "updated": 0
  },
  {
    "id": "4a72770e-d35d-4753-8f69-3ca790a6eee4",
    "data": [
      {
        "text": "Rajiv Chowk",
        "alias": "destination",
        "meta": "@station",
        "userDefined": false
      }
    ],
    "isTemplate": false,
    "count": 0,
    "updated": 0
  }
]