[
  {
    "id": "5f6d5d53-840a-464b-81c0-702727e9ef04",
    "data": [
      {
        "text": "Shastri Park",
        "alias": "source",
        "meta": "@station",
        "userDefined": false
      }
    ],
    "isTemplate": false,
    "count": 0,
    "updated": 0
  },
  {
    "id": "7d675c27-2382-432d-a83e-3d0e9f4f3cab",
    "data": [
      {
        "text": "Vaishali",
        "alias": "source",
        "meta": "@station",
        "userDefined": false
      }
    ],
    "isTemplate": false,
    "count": 0,
    "updated": 0
  },
  {
    "id": "62739a9d-9f21-4d4f-8b14-524fa3022f67",
    "data": [
      {
        "text": "Dashrath puri",
        "alias": "source",
        "meta": "@station",
        "userDefined": false
      }
    ],
    "isTemplate": false,
    "count": 0,
    "updated": 0
  },
  {
    "id": "1b0fceca-051e-43d5-9826-843c30f99758",
    "data": [
      {
        "text": "i am leaving from ",
        "userDefined": false
      },
      {
        "text": "Janakpuri West",
        "alias": "source",
        "meta": "@station",
        "userDefined": false
      }
    ],
    "isTemplate": false,
    "count": 0,
    "updated": 0
  },
  {
    "id": "2f5274fc-f57c-4fc5-ae6c-4e47899cc95a",
    "data": [
      {
        "text": "Rajiv chowk",
        "alias": "source",
        "meta": "@station",
        "userDefined": false
      }
    ],
    "isTemplate": false,
    "count": 0,
    "updated": 0
  },
  {
    "id": "707630bf-9163-4da0-ae81-b29af57ff13f",
    "data": [
      {
        "text": "I am going from ",
        "userDefined": false
      },
      {
        "text": "Palam",
        "alias": "source",
        "meta": "@station",
        "userDefined": false
      }
    ],
    "isTemplate": false,
    "count": 0,
    "updated": 0
  }
]